Title,ISBN-13,ISBN-10,5 Qty,Amazon Price,Product URL,Binding
"How to Talk to Anyone by Leil Lowndes | Bulk Paperback | B2B Corporate, Training & Educational Orders",9780007272617,,9.99,,https://www.booksgoat.com/how-to-talk-to-anyone-leil-lowndes-9780007272617-bulk,Paperback
"Tiny Humans, Big Emotions: How to Navigate Tantrums, Meltdowns, and Defiance to Raise Emotionally Intelligent Children by Alyssa Blask Campbell - Paperback",9780063390157,,9.99,,https://www.booksgoat.com/tiny-humans-big-emotions-9780063390157,Paperback
"Option Volatility and Pricing: Advanced Trading Strategies and Techniques, 2nd Edition by Sheldon Natenberg - Hardcover",9780071818773,,46.99,,https://www.booksgoat.com/option-volatility-and-pricing-2nd-edition-9780071818773,Hardcover
Who Moved My Cheese? by Spencer Johnson - Paperback,9780091816971,,5.99,,https://www.booksgoat.com/who-moved-my-cheese-9780091816971,Paperback
"Fluid Mechanics, 6th Edition by Pijush K. Kundu - Hardcover",9780124059351,,59.99,,https://www.booksgoat.com/fluid-mechanics-6th-edition,Hardcover
"Marschner’s Mineral Nutrition of Plants, 4th Edition by Zed Rengel, Ismail Cakmak - Hardcover",9780128197738,,69.99,,https://www.booksgoat.com/index.php?route=product/product&path=315&product_id=437499,Hardcover
"Mergers, Acquisitions, and Other Restructuring Activities, 11th Edition by Donald M. DePamphilis - Paperback",9780128197820,,69.99,,https://www.booksgoat.com/index.php?route=product/product&path=315&product_id=437456,Paperback
Ketogenic: The Science of Therapeutic Carbohydrate Restriction in Human Health by Tim Noakes - Hardcover,9780128216170,,56.99,,https://www.booksgoat.com/ketogenic-science-therapeutic-carbohydrate-restriction,Hardcover
"The C Programming Language, 2nd Edition (ANSI C) By Brian Kernighan & Dennis Ritchie - Paperback",9780131103627,,42.99,,https://www.booksgoat.com/c-programming-language-2nd-edition-9780131103627,Paperback
"Experiential Learning: Experience as the Source of Learning and Development, 2nd Edition by David A. Kolb - Hardcover",9780133892406,,79.99,,https://www.booksgoat.com/experiential-learning-2nd-edition-9780133892406,Hardcover
"School Law and the Public Schools: A Practical Guide for Educational Leaders, 6th Edition - Paperback",9780133905427,,89.99,,https://www.booksgoat.com/school-law-and-the-public-schools-6th-edition-9780133905427,Paperback
"Signal and Power Integrity - Simplified, 3rd edition by Eric Bogatin - Hardcover",9780134513416,,59.99,,https://www.booksgoat.com/signal-power-integrity-simplified-3rd-edition,Hardcover
"Medical Terminology: A Living Language, 7th Edition by Bonnie Fremgen - Paperback",9780134701202,,69.99,,https://www.booksgoat.com/medical-terminology-a-living-language-7th-edition-9780134701202,Paperback
"Applied Behavior Analysis, 3rd Edition by John O. Cooper, Timothy E. Heron & William L. Heward - Hardcover",9780134752556,,89.99,,https://www.booksgoat.com/applied-behavior-analysis-cooper-aba,Hardcover
"Family Therapy: History, Theory, and Practice, 7th Edition by Samuel Gladding - Paperback",9780134785431,,79.99,,https://www.booksgoat.com/family-therapy-history-theory-and-practice-7th-edition-9780134785431-1,Paperback
"Articulation and Phonology in Speech Sound Disorders, 6th Edition by Jacqueline Bauman-Waengler - Paperback",9780134990576,,89.99,,https://www.booksgoat.com/articulation-phonology-speech-sound-disorders-6th-bauman-waengler,Paperback
"Assessment Procedures for Counselors and Helping Professionals, 9th Edition - The Merrill Counseling Series - Paperback",9780135186022,,74.99,,https://www.booksgoat.com/assessment-procedures-for-counselors-and-helping-professionals-9th-edition-9780135186022,Paperback
"Understanding Digital Signal Processing, 3rd Edition by Richard Lyons - Hardcover",9780137027415,,56.99,,https://www.booksgoat.com/understanding-digital-signal-processing-3rd-edition-9780137027415,Hardcover
"Ethical, Legal, and Professional Issues in Counseling by Theodore Remley, Barbara Herlihy, 7th Edition - Paperback",9780138168094,,69.99,,https://www.booksgoat.com/ethical-legal-and-professional-issues-in-counseling-7th-edition-9780138168094,Paperback
"Diversity, Oppression, & Change: Culturally Grounded Social Work, 3rd Edition by Flavio Marsiglia, Stephen Kulis & Stephanie Lechuga-Peña - Paperback",9780190059507,,46.99,,https://www.booksgoat.com/diversity-oppression-and-change-3rd-edition-9780190059507,Paperback
"Practices of Looking: An Introduction to Visual Culture, 3rd Edition by Marita Sturken, Lisa Cartwright - Paperback",9780190265717,,41.99,,https://www.booksgoat.com/practices-of-looking-3rd-edition-9780190265717,Paperback
Assessment in Counseling: Practice and Applications by Gerald A Juhnke and Richard S. Balkin - Paperback,9780190672751,,69.99,,https://www.booksgoat.com/assessment-in-counseling-balkin-juhnke,Paperback
"Exposure and Response (Ritual) Prevention for Obsessive-Compulsive Disorder: Therapist Guide, 2nd Edition by Edna B. Foa - Paperback",9780195335286,,41.99,,https://www.booksgoat.com/exposure-and-response-prevention-ocd-therapist-guide-2nd-edition-9780195335286,Paperback
The Border Between Seeing and Thinking by Ned Block (Philosophy of Mind Series) - Hardcover,9780197622223,,66.99,,https://www.booksgoat.com/index.php?route=product/product&path=315&product_id=432972,Hardcover
"Mayo Clinic Gastroenterology and Hepatology Board Review, 6th Edition - Paperback",9780197679753,,54.99,,https://www.booksgoat.com/mayo-clinic-gastroenterology-hepatology-board-review-6th-edition,Paperback
"Decision Modelling for Health Economic Evaluation by Andrew H. Briggs, Karl Claxton & Mark J. Sculpher - Paperback",9780198526629,,49.99,,https://www.booksgoat.com/index.php?route=product/product&path=315&product_id=436824,Paperback
"The Handbook of Mortgage-Backed Securities, 7th Edition by Frank J. Fabozzi - Hardcover",9780198785774,,59.99,,https://www.booksgoat.com/handbook-of-mortgage-backed-securities-7th-edition-9780198785774,Hardcover
The Library of Paradise *US HARDCOVER* A History of Contemplative Reading in the Monasteries of the Church of the East by David Michelson-9780198836247,9780198836247,,44.99,,https://www.booksgoat.com/index.php?route=product/product&path=315&product_id=437189,Hardcover
"The Oxford Handbook of Foreign Policy Analysis by Juliet Kaarbo, Cameron Theis - Hardcover",9780198843061,,79.99,,https://www.booksgoat.com/index.php?route=product/product&path=315&product_id=437797,Hardcover
"Treating Nonepileptic Seizures: Therapist Guide (Treatments That Work) by W. Curt Lafrance, Jeffrey Peter Wincze - Paperback",9780199307173,,56.99,,https://www.booksgoat.com/treating-nonepileptic-seizures-therapist-guide-lafrance-wincze,Paperback
"Gardner and Sutherland’s Chromosome Abnormalities and Genetic Counseling, 5th Edition by R.J. McKinlay Gardner - Hardcover",9780199329007,,79.99,,https://www.booksgoat.com/index.php?route=product/product&path=315&product_id=432773,Hardcover
"Inter-Act: Interpersonal Communication - Concepts, Skills, and Contexts, 14th Edition by Kathleen S. Verderber - Paperback",9780199398010,,79.99,,https://www.booksgoat.com/inter-act-interpersonal-communication-14th-edition-9780199398010,Paperback
"A Brief History of the Romans, 2nd Edition by Mary Boatwright, Daniel Gargola, Noel Lenski & Richard Talbert - Paperback",9780199987559,,59.99,,https://www.booksgoat.com/a-brief-history-of-the-romans-2nd-edition-9780199987559,Paperback
An Introduction to Quantum Field Theory by Michael E. Peskin & Daniel V. Schroeder - Hardcover,9780201503975,,53.99,,https://www.booksgoat.com/introduction-to-quantum-field-theory-peskin-schroeder,Hardcover
"Concrete Mathematics: A Foundation for Computer Science, 2nd Edition by Ronald Graham - Hardcover",9780201558029,,49.99,,https://www.booksgoat.com/concrete-mathematics-2nd-edition-9780201558029,Hardcover
"Structural Design for the Stage, 2nd Edition by Alys Holden - Hardcover",9780240818269,,59.99,,https://www.booksgoat.com/structural-design-for-the-stage-2nd-edition,Hardcover
"Reinforcement Learning: An Introduction, 2nd Edition - Sutton & Barto - Hardcover",9780262039246,,51.99,,https://www.booksgoat.com/reinforcement-learning-2nd-edition-sutton-barto,Hardcover
Understanding Deep Learning by Simon J.D. Prince - Hardcover,9780262048644,,57.99,,https://www.booksgoat.com/understanding-deep-learning-simon-prince-9780262048644,Hardcover
Functional Occlusion: From TMJ to Smile Design by Peter E. Dawson 1st edition - Hardcover,9780323033718,,79.99,,https://www.booksgoat.com/functional-occlusion-book-dawson-tmj-smile,Hardcover
"Small Animal Dermatology: A Color Atlas and Therapeutic Guide, 4th Edition by Danny W. Scott, William H. Miller Jr. & Craig E. Griffin - Hardcover",9780323376518,,63.99,,https://www.booksgoat.com/index.php?route=product/product&path=315&product_id=420745,Hardcover
"Policy & Politics in Nursing and Health Care, 8th Edition by Diana J. Mason - Paperback",9780323554985,,62.99,,https://www.booksgoat.com/policy-and-politics-in-nursing-and-health-care-8th-edition-9780323554985,Paperback
"Knowledge Development in Nursing: Theory and Process, 11th Edition by Peggy Chinn, Maeona Kramer & Kathleen Sitzman - Paperback",9780323793001,,46.99,,https://www.booksgoat.com/knowledge-development-in-nursing-9780323793001,Paperback
"Formulas and Calculations for Drilling, Production, and Workover, 5th Edition - Paperback",9780323905497,,79.99,,https://www.booksgoat.com/formulas-and-calculations-for-drilling-production-and-workover-5th-edition,Paperback
"A Workbook of Ethical Case Scenarios in Applied Behavior Analysis, 2nd Edition - Paperback",9780323988131,,19.99,,https://www.booksgoat.com/ethical-case-scenarios-applied-behavior-analysis-2nd-edition-9780323988131,Paperback
"Deep Work: Rules for Focused Success in a Distracted World by Cal Newport | Bulk Paperback | B2B Corporate, Institutional & Educational Orders",9780349413686,,9.99,,https://www.booksgoat.com/deep-work-cal-newport-9780349413686-bulk,Paperback
"Becoming a Helper by Marianne Corey, Gerald Corey , 8th Edition - Paperback",9780357366271,,59.99,,https://www.booksgoat.com/becoming-a-helper-8th-edition-9780357366271,Paperback
"Theory and Practice of Group Counseling, 10th Edition by Gerald Corey - Paperback",9780357622957,,37.99,,https://www.booksgoat.com/theory-and-practice-of-group-counseling-10th-9780357622957,Paperback
"Mastering Competencies in Family Therapy: A Practical Approach to Theories and Clinical Case Documentation, 4th Edition by Diane Gehart - Paperback",9780357764565,,79.99,,https://www.booksgoat.com/mastering-competencies-in-family-therapy-4th-edition-9780357764565,Paperback
"Nonlinear Dynamics and Chaos, 3rd Edition by Steven H. Strogatz - Paperback",9780367026509,,49.99,,https://www.booksgoat.com/nonlinear-dynamics-and-chaos-3rd-edition-9780367026509,Paperback
"Safety Professional's Reference and Study Guide, 3rd Edition by W. David Yates - Hardcover",9780367263638,,79.99,,https://www.booksgoat.com/safety-professionals-reference-and-study-guide-3rd-edition-9780367263638,Hardcover
"Systemic Sex Therapy, 3rd Edition by Katherine M. Hertlein, Nancy Gambescia - Paperback",9780367277079,,23.99,,https://www.booksgoat.com/systemic-sex-therapy-3rd-edition-9780367277079,Paperback
"Introduction to Unmanned Aircraft Systems by R. Barnhart, Douglas Marshall, 3rd edition - Hardcover",9780367366599,,49.99,,https://www.booksgoat.com/introduction-to-unmanned-aircraft-systems-9780367366599,Hardcover
Persuasion: Social Influence and Compliance Gaining by Robert H. Gass & John S. Seiter - Paperback,9780367528485,,64.99,,https://www.booksgoat.com/Persuasion-Social-Influence-9780367528485,Paperback
Cognitive Behavioral Treatment of Insomnia: A Session-by-Session Guide by Michael L. Perlis - Paperback,9780387774404,,59.99,,https://www.booksgoat.com/cognitive-behavioral-treatment-of-insomnia-9780387774404,Paperback
"Molecular Biology of the Cell, 7th Edition by Bruce Alberts - Hardcover",9780393884821,,149.99,,https://www.booksgoat.com/molecular-biology-of-the-cell-7th-edition-9780393884821,Hardcover
"Div, Grad, Curl, and All That: An Informal Text on Vector Calculus, 4th Edition - Paperback",9780393925166,,41.99,,https://www.booksgoat.com/div-grad-curl-and-all-that-4th-edition-9780393925166,Paperback
"Economics of the Public Sector, 4th Edition by Joseph E. Stiglitz & Jay K. Rosengard - Paperback",9780393925227,,79.99,,https://www.booksgoat.com/economics-of-the-public-9780393925227,Paperback
"Writing Literature Reviews, 7th Edition by Jose L. Galvan - Paperback",9780415315746,,43.99,,https://www.booksgoat.com/writing-literature-reviews-7th-edition-galvan,Paperback
"Healing the Fragmented Selves of Trauma Survivors: Overcoming Internal Self-Alienation, 1st Edition - Paperback",9780415708234,,16.99,,https://www.booksgoat.com/healing-the-fragmented-selves-of-trauma-survivors-9780415708234,Paperback
"Understanding Research Methods, 10th Edition by Mildred L. Patten & Michelle Newhart - Paperback",9780415790529,,59.99,,https://www.booksgoat.com/understanding-research-methods-10th-edition-9780415790529,Paperback
Even if it Costs Me My Life: Systemic Constellations and Serious Illness - Paperback,9780415898058,,21.99,,https://www.booksgoat.com/even-if-it-costs-me-my-life-9780415898058,Paperback
"Radiation Detection and Measurement, 4th Edition by Glenn F. Knoll - Hardcover",9780470131480,,69.99,,https://www.booksgoat.com/radiation-detection-and-measurement-4th-edition-9780470131480,Hardcover
"Cancer as a Metabolic Disease: On the Origin, Management, and Prevention of Cancer, 1st Edition by Thomas N. Seyfried - Hardcover",9780470584927,,54.99,,https://www.booksgoat.com/cancer-as-a-metabolic-disease-thomas-seyfried-9780470584927,Hardcover
"Mathematical Methods in the Physical Sciences, 3rd Edition by Mary L. Boas - Hardcover",9780471198260,,59.99,,https://www.booksgoat.com/mathematical-methods-in-the-physical-sciences-3rd-edition,Hardcover
"Abstract Algebra, 3rd Edition by David S. Dummit and Richard M. Foote - Hardcover",9780471433347,,59.99,,https://www.booksgoat.com/abstract-algebra-3rd-edition-9780471433347,Hardcover
"The Cambridge Grammar of the English Language by Huddleston, Pullum, Bauer, Birner, Briscoe & Collins - Hardcover",9780521431460,,179.99,,https://www.booksgoat.com/the-cambridge-grammar-of-the-english-language-9780521431460,Hardcover
Probability Theory: The Logic of Science by E. T. Jaynes - Hardcover,9780521592710,,59.99,,https://www.booksgoat.com/probability-theory-the-logic-of-science-9780521592710,Hardcover
"The Art of Electronics, 3rd edition by Paul Horowitz and Winfield Hill - Hardcover",9780521809269,,76.99,,https://www.booksgoat.com/the-art-of-electronics-3rd-edition-9780521809269,Hardcover
"String Theory and M-Theory: A Modern Introduction by Katrin Becker, Melanie Becker & John H. Schwarz - Hardcover",9780521860697,,69.99,,https://www.booksgoat.com/index.php?route=product/product&path=315&product_id=419992,Hardcover
Asset Pricing: Revised Edition by John H. Cochrane - Hardcover,9780691121376,,46.99,,https://www.booksgoat.com/index.php?route=product/product&path=315&product_id=2168,Hardcover
"Notes from the Grooming Table, 2nd Edition by Melissa Verplank - Spiral Bound",9780692658079,,69.99,,https://www.booksgoat.com/notes-from-the-grooming-table-9780692658079,Spiral Bound
"The Foundations of Chinese Medicine: A Comprehensive Text, 3rd Edition by Giovanni Maciocia - Hardcover",9780702052163,,99.99,,https://www.booksgoat.com/foundations-of-chinese-medicine-3rd-edition-9780702052163,Hardcover
"Japanese Candlestick Charting Techniques, Second Edition by Steve Nison - Hardcover",9780735201811,,41.99,,https://www.booksgoat.com/japanese-candlestick-charting-techniques-2nd-edition-9780735201811,Hardcover
"The Five Dysfunctions of a Team: A Leadership Fable, 20th Anniversary Edition - Paperback",9780787960759,,6.99,,https://www.booksgoat.com/the-five-dysfunctions-of-a-team-20th-anniversary-9780787960759,Paperback
"Understanding Architecture: Its Elements, History, and Meaning, 3rd Edition by Leland M. Roth & Amanda C. Roth Clark - Paperback",9780813349039,,59.99,,https://www.booksgoat.com/understanding-architecture-3rd-edition-9780813349039,Paperback
"Behavior Modification: What It Is and How To Do It, 11th Edition by Garry Martin & Joseph J. Pear - Paperback",9780815366546,,79.99,,https://www.booksgoat.com/behavior-modification-11thedition-martin-9780815366546,Paperback
"Low Pressure Boilers, 5th Edition by Frederick M. Steingress - Hardcover",9780826943729,,59.99,,https://www.booksgoat.com/low-pressure-boilers-5th-edition-9780826943729,Hardcover
"Thermodynamics in Materials Science, 2nd Edition by Robert DeHoff - Paperback",9780849340659,,59.99,,https://www.booksgoat.com/thermodynamics-in-materials-science-2nd-edition,Paperback
Zero Bone Loss Concepts by Tomas Linkevicius - Hardcover,9780867157994,,89.99,,https://www.booksgoat.com/zero-bone-loss-concepts-9780867157994,Hardcover
"Effective Supervisory Practices: Better Results Through Teamwork, 5th Edition by Michelle Flaherty - Paperback",9780873267748,,59.99,,https://www.booksgoat.com/effective-supervisory-practices-5th-edition-9780873267748,Paperback
"Real Estate Development: Principles and Process, 5th Edition by Mike E. Miles, Laurence M. Netherton & Adrienne Schmitz - Hardcover",9780874203431,,49.99,,https://www.booksgoat.com/real-estate-development-5th-edition-9780874203431,Hardcover
Standard Methods for the Examination of Water and Wastewater 24th edition - Hardcover,9780875532998,,179.99,,https://www.booksgoat.com/standard-methods-examination-water-wastewater,Hardcover
Desk Reference to the Diagnostic Criteria from DSM-5-TR - Paperback,9780890425794,,44.99,,https://www.booksgoat.com/desk-reference-diagnostic-criteria-dsm-5-tr-9780890425794,Paperback
"BOC Study Guide, 7th Edition: MLS-MLT Clinical Laboratory Examinations - Paperback",9780891896845,,79.99,,https://www.booksgoat.com/boc-study-guide-7th-edition-9780891896845,Paperback
Cognitive-Behavioral Treatment of Borderline Personality Disorder by Marsha Linehan| DBT Foundational Text | Hardcover,9780898621839,,49.99,,https://www.booksgoat.com/cognitive-behavioral-treatment-of-borderline-personality-disorder-1st-edition-9780898621839,Hardcover
"Guides to the Evaluation of Permanent Impairment, 4th Edition - Paperback",9780899705538,,79.99,,https://www.booksgoat.com/guides-to-the-evaluation-of-permanent-impairment-4th-edition-9780899705538,Paperback
"Understanding Ultrasound Physics, 4th edition by Sidney K. Edelman - Hardcover",9780962644450,,79.99,,https://www.booksgoat.com/understanding-ultrasound-physics-9780962644450,Hardcover
Back Mechanic by Dr. Stuart McGill (2015 Edition) - Paperback,9780973501827,,19.99,,https://www.booksgoat.com/back-mechanic-stuart-mcgill-9780973501827,Paperback
Explain Pain 2nd edition by Butler David & G. Lorimer Moseley - Spiral Bound,9780987342669,,49.99,,https://www.booksgoat.com/explain-pain-book-butler-moseley-pain-relief,Spiral Bound
"Overcoming Gravity: A Systematic Approach to Gymnastics and Bodyweight Strength, Second Edition by Steven Low - Paperback",9780990873853,,33.99,,https://www.booksgoat.com/overcoming-gravity-2nd-edition-9780990873853,Paperback
"State Estimation for Robotics, 2nd Edition by Timothy D. Barfoot - Hardcover",9781009299893,,54.99,,https://www.booksgoat.com/index.php?route=product/product&path=315&product_id=437716,Hardcover
"Introduction to Electrodynamics by David J. Griffiths, 5th Edition - Hardcover",9781009397759,,35.99,,https://www.booksgoat.com/intro-to-electrodynamics-5th-edition-9781009397759,Hardcover
"Introducing Public Administration, 10th Edition by Jay Shafritz, E. W. Russell - Paperback",9781032042893,,59.99,,https://www.booksgoat.com/introducing-public-administration-10th-edition-9781032042893,Paperback
"Flow Cytometry in Neoplastic Hematology: Morphologic-Immunophenotypic-Genetic Correlation, 4th Edition by Dong Chen, J. Philip McCoy Jr. & Brent L. Wood - Hardcover",9781032055251,,73.99,,https://www.booksgoat.com/index.php?route=product/product&path=315&product_id=429655,Hardcover
"Small Signal Audio Design, 4th Edition by Douglas Self - Paperback",9781032366258,,59.99,,https://www.booksgoat.com/small-signal-audio-design-4th-edition-9781032366258,Paperback
"Practical Imaging Informatics: Foundations and Applications for Medical Imaging, Second Edition (2021) by Barton F. Branstetter IV",9781071617557,,69.99,,https://www.booksgoat.com/practical-imaging-informatics-2nd-edition-9781071617557,
"Home, School, and Community Collaboration: Culturally Responsive Family Engagement (5th Edition) by Kathy Grant & Julie Ray - Paperback",9781071812266,,79.99,,https://www.booksgoat.com/home-school-community-collaboration-5th-grant-ray,Paperback
"Tests & Measurement for People Who (Think They) Hate Tests & Measurement, 4th Edition by Neil J. Salkind - Paperback",9781071817179,,63.99,,https://www.booksgoat.com/index.php?route=product/product&path=315&product_id=437321,Paperback
"Uneven Roads: An Introduction to U.S. Racial and Ethnic Politics, 3rd edition by Todd Shaw, Louis DeSipio, Dianne Pinderhughes - Paperback",9781071824566,,56.99,,https://www.booksgoat.com/index.php?route=product/product&path=315&product_id=437726,Paperback
"The SAGE Handbook of Qualitative Research, 6th Edition by Norman K. Denzin, Yvonna S. Lincoln - Paperback",9781071836743,,69.99,,https://www.booksgoat.com/sage-handbook-of-qualitative-research-6th-edition,Paperback
"Introduction to Criminal Justice by Kenneth J. Peak, 5th edition - Paperback",9781071848982,,79.99,,https://www.booksgoat.com/introduction-to-criminal-justice-9781071848982,Paperback
"The Logic of American Politics, 11th Edition by Samuel Kernell - Paperback",9781071861257,,79.99,,https://www.booksgoat.com/logic-of-american-politics-11th-edition-kernell,Paperback
"The Environmental Case: Translating Values Into Policy, 6th Edition by by Judith A. Layzer, Sara R. Rinfret - Paperback",9781071870235,,49.99,,https://www.booksgoat.com/index.php?route=product/product&path=315&product_id=437727,Paperback
"Infants and Children: Prenatal Through Middle Childhood, 9th Edition by Laura Berk - Paperback",9781071895115,,109.99,,https://www.booksgoat.com/infants-and-children-prenatal-through-middle-childhood-9th-edition,Paperback
"Meeting the Ethical Challenges of Leadership: Casting Light or Shadow, 8th Edition by Craig E. Johnson",9781071904244,,69.99,,https://www.booksgoat.com/meeting-ethical-challenges-leadership-8th-edition,
"Kaplan Securities Industry Essentials (SIE) License Exam Manual, 4th Edition - - Paperback",9781078847728,,29.99,,https://www.booksgoat.com/kaplan-sie-exam-manual-4th-edition-9781078847728,Paperback
Rotorcraft Aeromechanics by Wayne Johnson - Hardcover,9781107028074,,69.99,,https://www.booksgoat.com/rotorcraft-aeromechanics-cambridge-aerospace-series-36,Hardcover
"Algorithmic and High-Frequency Trading by Álvaro Cartea, Sebastian Jaimungal & José Penalva - Paperback",9781107091146,,49.99,,https://www.booksgoat.com/algorithm-and-high-frequency-9781107091146,Paperback
"Trades, Quotes and Prices: Financial Markets Under the Microscope, 1st Edition by Bouchaud, Bonart, Donier & Gould - Hardcover",9781107156050,,54.99,,https://www.booksgoat.com/trades-quotes-and-prices-financial-markets-under-the-microscope-9781107156050,Hardcover
"Introduction to Quantum Mechanics, 3rd Edition by David J. Griffiths - Hardcover",9781107189638,,33.99,,https://www.booksgoat.com/intro-to-quantum-mechanics-3rd-edition-9781107189638,Hardcover
"Modern Quantum Mechanics, 3rd Edition by J. J. Sakurai & Jim Napolitano - Hardcover",9781108473224,,46.99,,https://www.booksgoat.com/modern-quantum-mechanics-3rd-edition-9781108473224,Hardcover
"Field Theory of Non-Equilibrium Systems, 2nd Edition by Alex Kamenev - Hardcover",9781108488259,,59.99,,https://www.booksgoat.com/field-theory-of-non-equilibrium-systems-2nd-edition-9781108488259,Hardcover
Design of CMOS Phase-Locked Loops: From Circuit Level to Architecture Level by Behzad Razavi - Hardcover,9781108494540,,56.99,,https://www.booksgoat.com/design-of-cmos-phase-locked-loops,Hardcover
High-Dimensional Statistics: A Non-Asymptotic Viewpoint by Martin J. Wainwright - Hardcover,9781108498029,,49.99,,https://www.booksgoat.com/High-Dimensional-Statistics-Non-Asymptotic-Viewpoint-9781108498029,Hardcover
"Core Radiology: A Visual Approach to Diagnostic Imaging, 2nd Edition - Mandell, Weiss, Kanne & Mossa-Basha - Paperback",9781108965910,,96.99,,https://www.booksgoat.com/index.php?route=product/product&path=315&product_id=426706,Paperback
"Stahl’s Essential Psychopharmacology: Neuroscientific Basis and Practical Applications, 5th Edition - Hardcover",9781108971638,,79.99,,https://www.booksgoat.com/stahls-essential-psychopharmacology-5th-edition-9781108971638,Hardcover
Welding Metallurgy and Weldability by John C. Lippold - Hardcover,9781118230701,,59.99,,https://www.booksgoat.com/welding-metallurgy-and-weldability,Hardcover
"Handbook of Bird Biology (Cornell Lab of Ornithology), 3rd Edition by Irby J. Lovette - Hardcover",9781118291054,,63.99,,https://www.booksgoat.com/handbook-of-bird-biology-cornell-lab-of-ornithology-3rd-edition-978111829105,Hardcover
"Introduction to Stochastic Processes with R, 1st Edition by Robert P. Dobrow - Hardcover",9781118740651,,42.99,,https://www.booksgoat.com/introduction-to-stochastic-processes-with-r-1st-edition-9781118740651,Hardcover
"Aircraft Control and Simulation: Dynamics, Controls Design, and Autonomous Systems, 3rd edition by Brian L. Stevens - Hardcover",9781118870983,,69.99,,https://www.booksgoat.com/aircraft-control-and-simulation-9781118870983,Hardcover
Diagnostic Dermoscopy: The Illustrated Guide (2nd Edition) by Jonathan Bowling - 9781118930489 - Paperback,9781118930489,,29.99,,https://www.booksgoat.com/diagnostic-dermoscopy-the-illustrated-guide-9781118930489,Paperback
Surgery of Exotic Animals by R. Avery Bennett - Hardcover,9781119139584,,69.99,,https://www.booksgoat.com/surgery-of-exotic-animals-9781119139584,Hardcover
"Psychodynamic Psychotherapy: A Clinical Manual, 2nd Edition by Deborah L. Cabaniss, Sabrina Cherry",9781119141983,,29.99,,https://www.booksgoat.com/psychodynamic-psychotherapy-clinical-manual-2nd-edition-9781119141983,
"Understanding Behaviorism: Behavior, Culture, and Evolution by William M. Baum, 3rd Edition - Paperback",9781119143642,,21.99,,https://www.booksgoat.com/understanding-behaviorism-3rd-edition-9781119143642,Paperback
"Electrochemical Methods: Fundamentals and Applications, 3rd Edition by Allen Bard, Larry Faulkner - Hardcover",9781119334064,,53.99,,https://www.booksgoat.com/electrochemical-methods-fundamentals-and-applications-3rd-edition-9781119334064,Hardcover
"Blackwell’s Five-Minute Veterinary: Small Animal Dermatology by Karen A. Moriello, 3rd edition - Paperback",9781119337249,,79.99,,https://www.booksgoat.com/index.php?route=product/product&path=315&product_id=431879,Paperback
"MRI in Practice, 5th Edition by Catherine Westbrook & John Talbot - Paperback",9781119391968,,47.99,,https://www.booksgoat.com/MRI-In-Practice-9781119391968,Paperback
"Point-of-Care Ultrasound Techniques for the Small Animal Practitioner, 2nd Edition - Edited by Gregory R. Lisciandro - Hardcover",9781119460985,,89.99,,https://www.booksgoat.com/index.php?route=product/product&path=315&product_id=428203,Hardcover
"Designing Effective Instruction, 8th Edition by Gary R. Morrison - Paperback",9781119465935,,59.99,,https://www.booksgoat.com/designing-effective-instruction-8th-edition-9781119465935,Paperback
"Systems Engineering Principles and Practice, 3rd Edition by Kossiakoff, Biemer, Seymour & Flanigan - Hardcover",9781119516668,,47.99,,https://www.booksgoat.com/systems-engineering-principles-and-practice-3rd-edition-9781119516668,Hardcover
"Valuation: Measuring and Managing the Value of Companies, 7th Edition by McKinsey & Company, Tim Koller, Marc Goedhart & David Wessels - Hardcover",9781119611868,,54.99,,https://www.booksgoat.com/Valuation-Measuring-and-Managing-the-Value-9781119610885,Hardcover
"Laboratory Manual for Anatomy and Physiology, 7th Edition by Connie Allen, Valerie Harper - Loose Leaf",9781119662556,,64.99,,https://www.booksgoat.com/laboratory-manual-for-anatomy-and-physiology-7th-edition-9781119662556,Loose Leaf
"Atlas of Operative Oral and Maxillofacial Surgery, 2nd Edition by Deepak Krishnan, Jonathan D. Keith & Marc B. Steinberg - Hardcover",9781119683810,,79.99,,https://www.booksgoat.com/index.php?route=product/product&path=315&product_id=437184,Hardcover
Practical Early Orthodontic Treatment: A Case-Based Review by Robert M. Ricketts - Hardcover,9781119793595,,89.99,,https://www.booksgoat.com/index.php?route=product/product&path=315&product_id=437183,Hardcover
"The Architect’s Studio Companion: Rules of Thumb for Preliminary Design by Joseph Iano, Edward Allen, 7th Edition - Hardcover",9781119826798,,46.99,,https://www.booksgoat.com/architects-studio-companion-6th-edition-9781119826798,Hardcover
"Practical Portfolio Performance Measurement and Attribution, 3rd Edition by Carl R. Bacon - Hardcover",9781119831945,,46.99,,https://www.booksgoat.com/index.php?route=product/product&path=315&product_id=437187,Hardcover
Hepatology and Transplant Hepatology Board Review - Paperback,9781119853510,,49.99,,https://www.booksgoat.com/index.php?route=product/product&path=315&product_id=422855,Paperback
"Fogoros' Electrophysiologic Testing, 7th Edition by Richard N. Fogoros - Hardcover",9781119855675,,44.99,,https://www.booksgoat.com/Fogors-Electrophysiologic-Testing-9781119855675,Hardcover
"Counseling the Culturally Diverse: Theory and Practice, 9th Edition by Derald Wing Sue, David Sue & Helen A. Neville - Paperback",9781119861904,,56.99,,https://www.booksgoat.com/counseling-culturally-diverse-9th-sue-neville,Paperback
"Data Centre Essentials: Design, Construction, and Operation of Data Centres for the Non-expert by Vincent Fogarty, Sophia Flucker - Hardcover",9781119898818,,49.99,,https://www.booksgoat.com/data-centre-essentials-9781119898818,Hardcover
"Brown's Boundary Control and Legal Principles, 8th Edition by Donald A. Wilson - Hardcover",9781119911708,,49.99,,https://www.booksgoat.com/browns-boundary-control-and-legal-principles-8th-edition-9781119911708,Hardcover
"HVAC Water Chillers and Cooling Towers: Fundamentals, Application, and Operation, 2nd Edition by Herbert W. Stanford III - Paperback",9781138071711,,59.99,,https://www.booksgoat.com/hvac-water-chillers-and-cooling-towers-2nd-edition-9781138071711,Paperback
"Evolutionary Psychology: The New Science of the Mind, 6th Edition by David M. Buss - Paperback",9781138088610,,56.99,,https://www.booksgoat.com/evolutionary-psychology-the-new-science-of-the-mind-6th-edition-9781138088610,Paperback
"Family Violence: Legal, Medical, and Social Perspectives, 9th Edition by Nancy K. D. Lemon & Sherry L. Murphy - Paperback",9781138363342,,59.99,,https://www.booksgoat.com/index.php?route=product/product&path=315&product_id=437310,Paperback
"Introduction to Probability by Joseph K. Blitzstein & Jessica Hwang, 2nd Edition - Hardcover",9781138369917,,46.99,,https://www.booksgoat.com/introduction-to-probability-2nd-edition-9781138369917,Hardcover
"Strategies and Tactics of Behavioral Research and Practice, 4th Edition by James Johnston, Henry Pennypacker - Paperback",9781138641594,,53.99,,https://www.booksgoat.com/strategies-and-tactics-of-behavioral-research-and-practice-4th-edition-9781138641594,Paperback
"Research Methods in Applied Settings: An Integrated Approach to Design and Analysis, 3rd Edition by Jeffrey A. Schinka & Wayne F. Velicer - Hardcover",9781138852976,,69.99,,https://www.booksgoat.com/index.php?route=product/product&path=315&product_id=409261,Hardcover
"Encyclopedia of Counseling, 4th Edition - Howard Rosenthal - Paperback",9781138942653,,29.99,,https://www.booksgoat.com/encyclopedia-of-counseling-4th-edition-9781138942653,Paperback
"The LSTA's Complete Credit Agreement Guide, 2nd Edition by Michael Bellucci - Hardcover",9781259644863,,49.99,,https://www.booksgoat.com/lsta-complete-credit-agreement-guide-2nd-edition-9781259644863,Hardcover
Goldfrank's Toxicologic Emergencies by Lewis Nelson 11th edition - Hardcover,9781259859618,,179.99,,https://www.booksgoat.com/goldfranks-toxicologic-emergencies-11th-edition-9781259859618,Hardcover
"Atlas of Pediatric Emergency Medicine, 3rd Edition by Binita R. Shah and Michael Lucchesi - Hardcover",9781259863387,,89.99,,https://www.booksgoat.com/atlas-of-pediatric-emergency-medicine-3rd-edition-9781259863387,Hardcover
"Roark's Formulas for Stress and Strain 9th edition by Richard Budynas, Ali Sadegh - {9781260453751} - Hardcover",9781260453751,,71.99,,https://www.booksgoat.com/roarks-formulas-for-stress-and-strain-9th-edition-9781260453751,Hardcover
"Lange Q & A Radiography Examination, 12th Edition by D.A. Saia - Paperback",9781260460445,,41.99,,https://www.booksgoat.com/lange-q-and-a-radiography-examination-12th-edition-9781260460445,Paperback
"Williams Obstetrics, 26th edition by F. Gary Cunningham - Hardcover",9781260462739,,119.99,,https://www.booksgoat.com/williams-obstetrics-26th-edition-9781260462739,Hardcover
"Radiography PREP (Program Review and Exam Preparation), 10th Edition by D. A. Saia - Paperback",9781264692538,,52.99,,https://www.booksgoat.com/radiography-PREP-9781264692538,Paperback
"Site Planning and Design Handbook by Thomas Russ, 2nd Edition - Paperback",9781265620424,,69.99,,https://www.booksgoat.com/site-planning-and-design-handbook-2nd-edition-9781265620424,Paperback
"NASM Essentials of Personal Fitness Training, 7th Edition by National Academy of Sports Medicine (NASM) - Hardcover",9781284200881,,99.99,,https://www.booksgoat.com/NASM-Essentials-Personal-Fitness-Training-7th-edition,Hardcover
"Milady Standard Nail Technology, 7th Edition by Milady - Paperback",9781285080475,,79.99,,https://www.booksgoat.com/milady-standard-nail-technology-7th-edition,Paperback
"Milady Standard Cosmetology 2016, 13th edition - Hardcover",9781285769417,,109.99,,https://www.booksgoat.com/milady-standard-cosmetology-2016,Hardcover
Family Therapy: An Overview 9th Edition by Irene Goldenberg - Hardcover,9781305092969,,57.99,,https://www.booksgoat.com/family-therapy-history-theory-and-practice-7th-edition-9780134785431,Hardcover
"Milady Standard Barbering, 6th Edition by Milady - Hardcover",9781305100558,,79.99,,https://www.booksgoat.com/milady-standard-barbering-6th-guide,Hardcover
"Introduction to Fourier Optics, 4th Edition by Joseph W. Goodman - Hardcover",9781319119164,,79.99,,https://www.booksgoat.com/introduction-fourier-optics-4th-goodman,Hardcover
"Abnormal Psychology *US PAPERBACK* 11th Ed. by Ronald J. Comer, Jonathan S. Comer - {9781319190729} {1319190723}",9781319190729,1319190723,129.99,,https://www.booksgoat.com/abnormal-psychology-11th-edition-9781319190729,Paperback
"An Advanced Review of Speech-Language Pathology, 6th Edition by Celeste Roseberry-McKibbin, M. N. Hegde & Glen M. Tellis - Paperback",9781416412267,,89.99,,https://www.booksgoat.com/advanced-review-of-speech-language-pathology-6th-edition-9781416412267,Paperback
Beyond the Science of Reading: Connecting Literacy Instruction to the Science of Learning by Natalie Wexler - Paperback,9781416633563,,16.99,,https://www.booksgoat.com/beyond-the-science-of-reading-9781416633563,Paperback
"Mammalogy: Adaptation, Diversity, Ecology, 15th Edition by George A. Feldhamer, Joseph F. Merritt, Carey Krajewski & Jason L. LaPoint - Hardcover",9781421436524,,66.99,,https://www.booksgoat.com/mammalogy-adaption-diversity-9781421436524,Hardcover
"Vector Calculus, 6th Edition by Jerrold Marsden, Anthony Tromba - Hardcover",9781429215084,,74.99,,https://www.booksgoat.com/vector-calculus-6th-edition-9781429215084,Hardcover
"ACSM’s Exercise Management for Persons with Chronic Diseases and Disabilities by American College of Sports Medicine, 4th Edition - Hardcover",9781450434140,,43.99,,https://www.booksgoat.com/acsm-exercise-management-chronic-diseases-and-disabilities-4th-edition-9781450434140,Hardcover
"Eye Movement Desensitization and Reprocessing (EMDR) Therapy: Basic Principles, Protocols, and Procedures, 3rd Edition by Francine Shapiro - Hardcover",9781462532766,,53.99,,https://www.booksgoat.com/emdr-therapy-basic-principles-protocols-and-procedures-3rd-edition-9781462532766,Hardcover
"Principles and Practice of Sex Therapy, 6th Edition by Kathryn Hall - Hardcover",9781462543397,,53.99,,https://www.booksgoat.com/principles-and-practice-of-sex-therapy-6th-edition,Hardcover
"Handbook of Applied Behavior Analysis, 2nd Edition by Wayne W. Fisher, Cathleen C. Piazza - Paperback",9781462543755,,49.99,,https://www.booksgoat.com/handbook-of-applied-behavior-analysis-2nd-edition-9781462543755,Paperback
"Cognitive Behavior Therapy: Basics and Beyond, 3rd Edition - Hardcover",9781462544196,,43.99,,https://www.booksgoat.com/cognitive-behavior-therapy-basics-and-beyond-3rd-edition-9781462544196-guilford,Hardcover
"Handbook of Structural Equation Modeling, 2nd Edition edited by Rick H. Hoyle - Hardcover",9781462544646,,69.99,,https://www.booksgoat.com/handbook-of-structural-equation-9781462544646,Hardcover
"Clinical Handbook of Psychological Disorders: A Step-by-Step Treatment Manual, 6th Edition by David H. Barlow - Hardcover",9781462547043,,69.99,,https://www.booksgoat.com/clinical-handbook-of-psychological-disorders-6th-edition-9781462547043,Hardcover
"Introduction to Mediation, Moderation, and Conditional Process Analysis, 3rd Edition by Andrew Hayes - Hardcover",9781462549030,,54.99,,https://www.booksgoat.com/mediation-moderation-conditional-process-analysis-3rd-edition-9781462549030,Hardcover
"Motivational Interviewing: Helping People Change and Grow, 4th Edition - Hardcover",9781462552795,,21.99,,https://www.booksgoat.com/motivational-interviewing-4th-edition-9781462552795,Hardcover
"Cognitive Processing Therapy for PTSD: A Comprehensive Therapist Manual, 2nd Edition - Paperback",9781462554270,,27.99,,https://www.booksgoat.com/cognitive-processing-therapy-for-ptsd-2nd-edition-9781462554270-guilford,Paperback
"Laboratory Techniques in Organic Chemistry, 4th Edition by Jerry R. Mohrig, David Alberg, Gretchen Hofmeister & Paul F. Schatz - Paperback",9781464134227,,79.99,,https://www.booksgoat.com/laboratory-techniques-in-organic-chemistry-4th-edition-9781464134227,Paperback
"American Herbal Products Association's Botanical Safety Handbook, 2nd Edition - Hardcover",9781466516946,,79.99,,https://www.booksgoat.com/american-herbal-products-association-botanical-safety-handbook-2nd-edition-9781466516946,Hardcover
"Human Factors in Simple and Complex Systems, 3rd Edition by R. S. Bridger - Hardcover",9781482229561,,54.99,,https://www.booksgoat.com/Human-Factors-9781482229561,Hardcover
"Sexuality Counseling: Theory, Research, and Practice (Counseling and Professional Identity), 1st Edition - Paperback",9781483343723,,44.99,,https://www.booksgoat.com/sexuality-counseling-theory-research-and-practice-9781483343723,Paperback
"Science and Practice of Strength Training, 3rd Edition by Vladimir M. Zatsiorsky & William J. Kraemer - Hardcover",9781492592006,,49.99,,https://www.booksgoat.com/science-and-practice-of-strength-training-3rd-edition-9781492592006,Hardcover
"Essentials of Clinical Anatomy of the Equine Locomotor System by Jean-Marie Denoix, 1st Edition - Hardcover",9781498754415,,49.99,,https://www.booksgoat.com/essentials-of-clinical-anatomy-of-the-equine-locomotor-system-9781498754415,Hardcover
"Fundamentals of Nuclear Science and Engineering, 3rd Edition by J. Kenneth Shultis & Richard E. Faw - Hardcover",9781498769297,,56.99,,https://www.booksgoat.com/fundamentals-of-nuclear-science-and-engineering-3rd-edition-9781498769297,Hardcover
"CRC Standard Mathematical Tables and Formulas, 33rd Edition by Daniel Zwillinger - Hardcover",9781498777803,,39.99,,https://www.booksgoat.com/crc-standard-mathematical-tables-and-formulas-33rd-edition-9781498777803,Hardcover
"CRC Handbook of Marine Mammal Medicine, 3rd Edition by Frances Gulland - Hardcover",9781498796873,,89.99,,https://www.booksgoat.com/crc-handbook-marine-mammal-medicine-3rd-edition,Hardcover
"Evaluation: A Systematic Approach, 8th edition by Peter H. Rossi, Mark W. Lipsey & Howard E. Freeman - Paperback",9781506307886,,56.99,,https://www.booksgoat.com/index.php?route=product/product&path=315&product_id=438261,Paperback
Introduction to Clinical Mental Health Counseling: Contemporary Issues by Joshua Watson and Michael Schmit - Paperback,9781506323756,,59.99,,https://www.booksgoat.com/clinical-mental-health-counseling-watson-schmit,Paperback
Interpreting the MMPI-3 textbook by Martin Sellbom and Yossef Ben-Porath - Hardcover,9781517912482,,53.99,,https://www.booksgoat.com/interpreting-mmpi-3-ben-porath-psychology,Hardcover
"The Coding Manual for Qualitative Researchers, Fifth Edition by Johnny Saldaña - Paperback",9781529680003,,39.99,,https://www.booksgoat.com/the-coding-manual-for-qualitative-researchers-5th-edition-9781529680003,Paperback
"Conducting Research Literature Reviews: From the Internet to Paper by Arlene G. Fink, 5th Edition - Paperback",9781544318479,,46.99,,https://www.booksgoat.com/conducting-research-literature-reviews-5th-edition-9781544318479,Paperback
"Counseling Individuals Through the Lifespan 2nd edition (Counseling and Professional Identity) by Wong, Hall, Hernandez - Paperback",9781544343242,,69.99,,https://www.booksgoat.com/counseling-individuals-lifespan-2nd-wong-hall-hernandez,Paperback
"Statistics for the Behavioral Sciences, 4th Edition by Gregory J. Privitera - Paperback",9781544362816,,79.99,,https://www.booksgoat.com/index.php?route=product/product&path=315&product_id=437867,Paperback
"Mass Communication: Living in a Media World, 8th Edition by Ralph Hanson - Paperback",9781544382999,,69.99,,https://www.booksgoat.com/mass-communication-living-in-a-media-world-8th-edition-9781544382999,Paperback
"The IDEATE Method: Identifying High-Potential Entrepreneurial Ideas by Justin G. Longenecker, J. William Petty, Leslie E. Palich & Frank Hoy - Paperback",9781544393247,,44.99,,https://www.booksgoat.com/the-ideate-method-9781544393247,Paperback
Qualitative Inquiry and Research Design: Choosing Among Five Approaches by John W. Creswell & Cheryl N. Poth,9781544398396,,49.99,,https://www.booksgoat.com/qualitative-inquiry-research-design-5th-creswell-poth,
"Theory and Practice of Couples and Family Counseling, 3rd edition by James Robert Bitter - Paperback",9781556203831,,49.99,,https://www.booksgoat.com/theory-and-practice-of-couples-and-family-counseling-3rd-edition,Paperback
"Handbook for Human Sexuality Counseling: A Sex-Positive Approach, 1st Edition by Angela M. Schubert & Mark Pope - Paperback",9781556203985,,44.99,,https://www.booksgoat.com/handbook-for-human-sexuality-counseling-sex-positive-approach-9781556203985,Paperback
"A Contemporary Approach to Substance Use Disorders and Addiction Counseling, 3rd Edition by Ford Brooks, Bill McHenry - Paperback",9781556204135,,49.99,,https://www.booksgoat.com/index.php?route=product/product&path=315&product_id=437770,Paperback
"Assessment in Counseling: Procedures and Practices, 7th Edition by Danica G. Hays - Paperback",9781556204159,,49.99,,https://www.booksgoat.com/assessment-in-counseling-procedures-and-practices-7th-edition,Paperback
"DSM-5-TR Learning Companion for Counselors by Carman S. Gill, Stephanie Dailey, Shannon Karl - Paperback",9781556204166,,56.99,,https://www.booksgoat.com/index.php?route=product/product&path=315&product_id=437371,Paperback
Race Car Vehicle Dynamics by William Milliken - Hardcover,9781560915263,,69.99,,https://www.booksgoat.com/race-car-vehicle-dynamics,Hardcover
"Comprehensive NCLEX-RN Review, 19th Edition by ATI - Paperback",9781565331860,,43.99,,https://www.booksgoat.com/comprehensive-NCLEX-RN-review-19th-edition,Paperback
"Occupational Therapy in Acute Care, 2nd edition by Helene Smith-Gabai - Hardcover",9781569003930,,66.99,,https://www.booksgoat.com/Occupational-theory-in-acute-care-9781569003930,Hardcover
"DBT Skills Training Handouts and Worksheets, Second Edition - Spiral Bound",9781572307810,,29.99,,https://www.booksgoat.com/dbt-skills-training-handouts-worksheets-2nd-edition-9781572307810-guilford,Spiral Bound
"Factory Physics, 3rd Edition by Wallace J. Hopp & Mark L. Spearman - Hardcover",9781577667391,,59.99,,https://www.booksgoat.com/factory-physics-3rd-edition-9781577667391,Hardcover
"Guides to the Evaluation of Permanent Impairment, 6th Edition - Paperback",9781579478889,,89.99,,https://www.booksgoat.com/guides-to-the-evaluation-of-permanent-impairment-6th-edition-9781579478889,Paperback
"Demystifying Opioid Conversion Calculations: A Guide for Effective Dosing, 2nd Edition by Dr. Mary Lynn McPherson - Paperback",9781585284290,,42.99,,https://www.booksgoat.com/demystifying-opioid-conversion-calculations-2nd-edition-9781585284290,Paperback
"DSM-5™ Handbook of Differential Diagnosis, 1st Edition by Michael First - Paperback",9781585624621,,69.99,,https://www.booksgoat.com/dsm-5-handbook-of-differential-diagnosis-9781585624621,Paperback
"PPI Fundamentals of Surveying Practice Exam, 5th Edition - Comprehensive Practice Exam for the NCEES FS Surveying Exam - Paperback",9781591266549,,59.99,,https://www.booksgoat.com/ppi-fundamentals-of-surveying-practice-exam-5th-edition-9781591266549,Paperback
"PPI Surveying Solved Problems, 5th Edition - Comprehensive Practice Guide for the FS and PS Survey Exams - Paperback",9781591266556,,59.99,,https://www.booksgoat.com/ppi-surveying-solved-problems-5th-edition-9781591266556,Paperback
"PPI ARE 5.0 Practice Questions All Six Divisions, 2nd Edition by Leppo, Ballast & Taher - Paperback",9781591266822,,59.99,,https://www.booksgoat.com/ppi-are-5-0-practice-questions-2nd-leppo-ballast-taher,Paperback
"PPI NCIDQ Interior Design Reference Manual, 7th Edition - Complete Coverage for All Three Sections of the NCIDQ Exam - Paperback",9781591268420,,79.99,,https://www.booksgoat.com/ppi-ncidq-interior-design-reference-manual-7th-edition-9781591268420,Paperback
"PPI NCIDQ Practicum Mock Exam, 3rd Edition by David Kent Ballast - Paperback",9781591268451,,69.99,,https://www.booksgoat.com/ppi-ncidq-practicum-mock-exam-3rd-edition,Paperback
"PPI PE Structural Reference Manual, 10th Edition - Complete Review for the NCEES PE Structural Engineering (SE) Exam - Paperback",9781591268468,,89.99,,https://www.booksgoat.com/ppi-pe-structural-reference-manual-10th-edition-9781591268468,Paperback
"PPI PE Structural 16-Hour Practice Exam for Buildings, 6th Edition - Paperback",9781591268567,,69.99,,https://www.booksgoat.com/ppi-pe-structural-16-hour-practice-exam-buildings-6th-edition-9781591268567,Paperback
Truck Company Operations 2nd Edition by John Mittendorf - Hardcover,9781593702182,,56.99,,https://www.booksgoat.com/truck-company-operations-9781593702182,Hardcover
The Art of Reading Buildings by John Mittendorf - Hardcover,9781593703424,,59.99,,https://www.booksgoat.com/the-art-of-reading-buildings-9781593703424,Hardcover
"Fireground Strategies, 3rd Edition by Anthony Avillo - Hardcover",9781593703530,,49.99,,https://www.booksgoat.com/fireground-strategies-3rd-edition-9781593703530,Hardcover
"Fundamentals of Oil & Gas Accounting, 6th Edition by Charlotte Wright - Hardcover",9781593703639,,79.99,,https://www.booksgoat.com/fundamentals-of-oil-and-gas-accounting-6th-edition,Hardcover
"Ethnicity and Family Therapy, 3rd Edition by Monica McGoldrick, Joe Giordano & Nydia Garcia-Preto - Hardcover",9781593850204,,56.99,,https://www.booksgoat.com/ethnicity-family-therapy-book-mcgoldrick,Hardcover
Technical Analysis Using Multiple Timeframes by Brian Shannon - - Hardcover,9781598795806,,46.99,,https://www.booksgoat.com/technical-analysis-using-multiple-timeframes-9781598795806,Hardcover
"Neuroanatomy through Clinical Cases, 3rd Edition by Hal Blumenfeld - Paperback",9781605359625,,89.99,,https://www.booksgoat.com/neuroanatomy-through-clinical-cases-3rd-edition-9781605359625,Paperback
"Explicit Instruction: Effective and Efficient Teaching (What Works for Special-Needs Learners) by Anita L. Archer, Charles A. Hughes - Paperback",9781609180416,,19.99,,https://www.booksgoat.com/explicit-instruction-illustrated-edition-9781609180416,Paperback
2018 International Building Code (International Code Council Series) 1st Edition by International Code Council - Paperback,9781609837358,,79.99,,https://www.booksgoat.com/2018-international-building-code-icc,Paperback
2018 International Mechanical Code (IMC) (International Code Council Series) by International Code Council - Paperback,9781609837433,,59.99,,https://www.booksgoat.com/2018-international-mechanical-code-icc-imc,Paperback
2018 International Plumbing Code by International Code Council - Paperback,9781609837457,,59.99,,https://www.booksgoat.com/2018-international-plumbing-code-icc-paperback,Paperback
International Building Code 2021 (IBC 2021) by International Code Council (ICC) - Paperback,9781609839550,,79.99,,https://www.booksgoat.com/international-building-code-2021-icc,Paperback
2021 International Residential Code (IRC) by International Code Council (ICC) - Paperback,9781609839574,,79.99,,https://www.booksgoat.com/2021-international-residential-code-icc,Paperback
2021 International Mechanical Code by International Code Council - Paperback,9781609839642,,59.99,,https://www.booksgoat.com/2021-international-mechanical-code-icc-paperback,Paperback
Textbook of Women's Reproductive Mental Health by Lucy Hutner - Hardcover,9781615373062,,59.99,,https://www.booksgoat.com/textbook-of-womens-reproductive-mental-health-9781615373062,Hardcover
Exploring Anatomy & Physiology in the Laboratory by Erin C. Amerman - Paperback,9781617316203,,69.99,,https://www.booksgoat.com/index.php?route=product/product&path=315&product_id=427014,Paperback
"Aircraft Design: A Conceptual Approach, 6th Edition (AIAA Education Series) by Daniel P. Raymer - Hardcover",9781624104909,,79.99,,https://www.booksgoat.com/aircraft-design-a-conceptual-approach-6th-edition-9781624104909,Hardcover
"Design of Rockets and Space Launch Vehicles, 2nd Edition by Don Edberg, Willie Costa - Hardcover",9781624106415,,73.99,,https://www.booksgoat.com/index.php?route=product/product&path=315&product_id=437750,Hardcover
"PMBOK® Guide - Seventh Edition & The Standard for Project Management, 7th edition - Paperback",9781628256642,,36.99,,https://www.booksgoat.com/pmbok-guide-seventh-edition-9781628256642,Paperback
Process Groups: A Practice Guide by Project Management Institute - Paperback,9781628257830,,24.99,,https://www.booksgoat.com/process-groups-a-practice-guide-9781628257830,Paperback
"DAMA-DMBOK: Data Management Body of Knowledge, 2nd Edition by DAMA International - Paperback",9781634622349,,49.99,,https://www.booksgoat.com/dama-dmbok-2nd-edition-9781634622349,Paperback
"Metallurgy Fundamentals: Ferrous and Nonferrous, 6th Edition by Daniel A. Brandt - Paperback",9781635638745,,69.99,,https://www.booksgoat.com/metallurgy-fundamentals-ferrous-nonferrous-6th-edition-9781635638745,Paperback
"Industrial Mechanics, 4th Ed. by Albert W Kemp - Hardcover",9781635638752,,69.99,,https://www.booksgoat.com/industrial-mechanics-4th-edition,Hardcover
"Fundamentals of Occupational Safety and Health, 8th Edition - Paperback",9781636710983,,42.99,,https://www.booksgoat.com/fundamentals-of-occupational-safety-and-health-8th-edition,Paperback
"The ASQ Certified Six Sigma Green Belt Handbook, 3rd Edition - Hardcover",9781636940298,,69.99,,https://www.booksgoat.com/asq-certified-six-sigma-green-belt-handbook-3rd-edition,Hardcover
"Gapenski’s Healthcare Finance: An Introduction to Accounting and Financial Management, 7th Edition by Kristin L. Reiter - Hardcover",9781640551862,,69.99,,https://www.booksgoat.com/gapenskis-healthcare-finance-7th-edition-9781640551862,Hardcover
"Health Policy Issues: An Economic Perspective, 8th Edition by Paul J. Feldstein - Hardcover",9781640553422,,59.99,,https://www.booksgoat.com/health-policy-issues-economic-perspective-8th-edition-9781640553422,Hardcover
"Strategic Healthcare Management: Planning and Execution, 3rd Edition by Stephen L. Walston - Hardcover",9781640553651,,49.99,,https://www.booksgoat.com/strategic-healthcare-management-3rd-edition-9781640553651,Hardcover
"Economics for Healthcare Managers, 5th Edition by Robert Lee - Hardcover",9781640553712,,53.99,,https://www.booksgoat.com/economics-for-healthcare-managers-5th-edition-9781640553712,Hardcover
"The Contractor's Guide to Quality Concrete Construction, 4th Edition by American Concrete Institute - Paperback",9781641950473,,49.99,,https://www.booksgoat.com/contractors-guide-quality-concrete-construction-4th-edition-9781641950473,Paperback
ACI CODE-318-19(22): Building Code Requirements for Structural Concrete and Commentary (Reapproved 2022) by American Concrete Institute - Paperback,9781641950565,,79.99,,https://www.booksgoat.com/aci-318-19-building-code-book-structural-concrete,Paperback
"Oral Implantology Review: Study Guide, 2nd Edition by Louis Al-faraje - Paperback",9781647241568,,69.99,,https://www.booksgoat.com/index.php?route=product/product&path=315&product_id=437754,Paperback
"Augmentative & Alternative Communication: Supporting Children and Adults with Complex Communication Needs, 5th Edition by David R. Beukelman & Janice C. Light - Hardcover",9781681253039,,47.99,,https://www.booksgoat.com/augmentative-and-alternative-communication-5th-edition-9781681253039,Hardcover
Larone's Medically Important Fungi: A Guide to Identification 7th edition by Lars Westblade - Hardcover,9781683674405,,59.99,,https://www.booksgoat.com/larones-medically-important-fungi-identification,Hardcover
"The Expanded Dialectical Behavior Therapy Skills Training Manual, 3rd Edition by Pederson Lane - Spiral Bound",9781683738299,,21.99,,https://www.booksgoat.com/expanded-dbt-skills-training-manual-3rd-edition-9781683738299,Spiral Bound
"Trauma-Focused ACT: A Practitioner’s Guide to Working with Mind, Body, and Emotion Using Acceptance and Commitment Therapy, 1st Edition - Paperback",9781684038213,,25.99,,https://www.booksgoat.com/trauma-focused-act-practitioners-guide-9781684038213,Paperback
Understanding and Applying Relational Frame Theory by Siri Ming - Paperback,9781684038879,,46.99,,https://www.booksgoat.com/understanding-and-applying-relational-frame-theory-9781684038879,Paperback
The Behavior Operations Manual: Neuro-Cognitive Intelligence by Chase Hughes - Paperback,9781735141640,,89.99,,https://www.booksgoat.com/behavior-operations-manual-neuro-cognitive-intelligence-9781735141640,Paperback
"Tooth Wear: Interceptive Treatment Approach With Minimally Invasive Protocols by Didier Dietschi, Carlo Massimo Saratti - Hardcover",9781786981158,,179.99,,https://www.booksgoat.com/index.php?route=product/product&path=315&product_id=437753,Hardcover
"The Art of Spending Money by Morgan Housel | Bulk Paperback | B2B Corporate, Institutional & Financial Literacy Orders",9781804093696,,10.99,,https://www.booksgoat.com/the-art-of-spending-money-morgan-housel-9781804093696-bulk,Paperback
Replaceable You: Adventures in Human Anatomy by Mary Roach - Paperback,9781836432524,,13.99,,https://www.booksgoat.com/replaceable-you-mary-roach-9781836432524,Paperback
Spacecraft Thermal Control Handbook - Edited by David G. Gilmore - Hardcover,9781884989117,,53.99,,https://www.booksgoat.com/index.php?route=product/product&path=315&product_id=409588,Hardcover
Classical Mechanics by John R. Taylor - Hardcover,9781891389221,,69.99,,https://www.booksgoat.com/classical-mechanics-9781891389221,Hardcover
"Avian Anatomy: Textbook and Colour Atlas (Second Edition) by Horst E. Koenig, Ruediger Korbel & Hans-Georg Liebich - Hardcover",9781910455609,,79.99,,https://www.booksgoat.com/avian-anatomy-textbook-and-colour-atlas-second-edition-9781910455609,Hardcover
Distressed Debt Analysis: Strategies for Speculative Investors by Stephen G. Moyer - Hardcover,9781932159189,,49.99,,https://www.booksgoat.com/distressed-debt-analysis-stephen-moyer,Hardcover
"FYI: For Your Improvement - For Learners, Managers, Mentors, and Feedback Givers, 5th Edition - Paperback",9781933578170,,41.99,,https://www.booksgoat.com/fyi-for-your-improvement-5th-edition-9781933578170,Paperback
"FYI: For Your Improvement - Competencies Development Guide, 6th Edition by Michael M. Lombardo - Paperback",9781933578903,,46.99,,https://www.booksgoat.com/fyi-for-your-improvement-competencies-development-guide-6th-edition,Paperback
"Managing Health Services Organizations and Systems, 7th Edition by Darr, Nowicki & Chawla - Hardcover",9781938870903,,79.99,,https://www.booksgoat.com/managing-health-services-organizations-7th-darr-nowicki,Hardcover
2015 Uniform Plumbing Code - Paperback,9781938936647,,69.99,,https://www.booksgoat.com/2015-uniform-plumbing-code-9781938936647,Paperback
"Arborists’ Certification Study Guide, 4th Edition by Sharon Lilly, Corrine Bassett - Paperback",9781943378210,,79.99,,https://www.booksgoat.com/Arborists’-Certification-Study-Guide-4th-Ed-ISA-Exam,Paperback
2021 Uniform Mechanical Code Soft Cover with Tabs - Paperback,9781944366445,,79.99,,https://www.booksgoat.com/2021-uniform-mechanical-code-soft-cover-tabs-9781944366445,Paperback
"NASCLA Contractors Guide to Business, Law and Project Management, BASIC 13th Edition - Spiral Bound",9781948558143,,79.99,,https://www.booksgoat.com/nascla-contractors-guide-book-13th-edition-business-law,Spiral Bound
"NASCLA Contractors Guide to Business, Law and Project Management, 14th Edition by NASCLA - Paperback",9781948558396,,49.99,,https://www.booksgoat.com/nascla-contractors-guide-book-14th-edition-business-law,Paperback
"The ASQ Certified Manager of Quality/Organizational Excellence Handbook, 5th Edition by Sandra L Furterer - Hardcover",9781951058067,,69.99,,https://www.booksgoat.com/asq-certified-manager-quality-organizational-excellence-handbook-5th-edition,Hardcover
"The ASQ Certified Quality Auditor Handbook, 5th edition by Lance B Coleman - Hardcover",9781951058098,,63.99,,https://www.booksgoat.com/asq-certified-quality-auditor-handbook-9781951058098,Hardcover
"An Introduction to Kolmogorov Complexity and Its Applications, 4th edition by Ming Li & Paul Vitányi - Hardcover",9783030112974,,49.99,,https://www.booksgoat.com/index.php?route=product/product&path=315&product_id=429651,Hardcover
"Mastering the Art of Patient Care, 1st Edition (2022) by Michelle Kittleson - Paperback",9783031209222,,29.99,,https://www.booksgoat.com/mastering-the-art-of-patient-care-1st-edition-9783031209222,Paperback
"The Milan System for Reporting Salivary Gland Cytopathology, 2nd Edition by William Faquin, Esther Rossi - Paperback",9783031266614,,33.99,,https://www.booksgoat.com/milan-system-salivary-gland-cytopathology-2nd-edition-9783031266614,Paperback
"An Introduction to Statistical Learning: with Applications in Python, 2023 Edition by Gareth James - Hardcover",9783031387463,,49.99,,https://www.booksgoat.com/introduction-to-statistical-learning-python-2023-edition-9783031387463,Hardcover
"Evidence-Based Critical Care, 3rd Edition by Paul Ellis Marik - Paperback",9783319110196,,59.99,,https://www.booksgoat.com/evidence-based-critical-care-3rd-edition,Paperback
"Fundamentals of Clinical Trials by Lawrence M. Friedman & Curt D. Furberg, 5th Edition - Paperback",9783319307732,,49.99,,https://www.booksgoat.com/fundamentals-of-clinical-trials-5th-edition-9783319307732,Paperback
Complications of Regional Anesthesia: Principles of Safe Practice in Local and Regional Anesthesia - 3rd Edition Paperback,9783319493848,,109.99,,https://www.booksgoat.com/complications-of-regional-anesthesia-3rd-edition-9783319493848,Paperback
Anesthesiology: Clinical Case Reviews by Linda S. Aglio & Richard D. Urman - 1st Edition Paperback,9783319501390,,89.99,,https://www.booksgoat.com/anesthesiology-clinical-case-reviews-1st-edition-9783319501390,Paperback
"Perioperative Two-Dimensional Transesophageal Echocardiography: A Practical Handbook, 2nd Edition (2018) by Annette Vegas",9783319601786,,69.99,,https://www.booksgoat.com/perioperative-two-dimensional-transesophageal-echocardiography-2nd-edition-9783319601786,
"Sterile Processing Technical Manual (CRCST), 9th Edition by Healthcare Sterile Processing Association (HSPA) - Paperback",9788350705218,,59.99,,https://www.booksgoat.com/sterile-processing-technical-manual-9th-edition,Paperback
"Medication Fact Book for Psychiatric Practice, 7th Edition by Talia Puzantian, Daniel Carlat - Paperback",9788987335482,,39.99,,https://www.booksgoat.com/medication-fact-book-psychiatric-practice-7th-edition-9788987335482,Paperback
"Breast Tumours: WHO Classification of Tumours, 5th Edition - Paperback",9789283245001,,73.99,,https://www.booksgoat.com/breast-tumours-who-classification-5th-edition-9789283245001,Paperback
"Real Estate Finance and Investments: Risks and Opportunities, Edition 5.3 by Peter Linneman, Bruce Kirsch - Hardcover",9798218328634,,99.99,,https://www.booksgoat.com/Real-Estate-Finance-Investments-5.3,Hardcover
Revenue Architecture by Jacco van der Kooij - Hardcover,9798218964931,,46.99,,https://www.booksgoat.com/revenue-architecture-9798218964931,Hardcover
The Paralegal's Companion: Fundamentals for Legal Practitioners and Those Preparing for the CP Exam by NALA - Paperback,9798320894041,,69.99,,https://www.booksgoat.com/paralegals-companion-cp-exam-guide-fundamentals,Paperback
"Study Guide for FE Electrical & Computer CBT Exam - 700+ Solved Problems (NCEES FE Reference v10.0.1) by Wasim Asghar, PE - Paperback",9798670880909,,44.99,,https://www.booksgoat.com/fe-electrical-and-computer-cbt-study-guide-wasim-asghar-9798670880909,Paperback
"NYSORA Nerve Block Manual, First Edition by Admir Hadzic - Paperback",9798987050507,,79.99,,https://www.booksgoat.com/nysora-nerve-block-manual-first-edition,Paperback
The Essential Guide to Passing The Transportation Civil PE Exam Written in the form of Questions: 160 CBT Questions Every PE Candidate Must Answer by Jacob Petro - Paperback,9798989185733,,49.99,,https://www.booksgoat.com/the-essential-guide-to-passing-the-transport-civil-pe-9788989185733,Paperback
The Essential Guide to Passing the Structural Civil PE Exam 160 CBT Questions Every PE Candidate Must Answer - Paperback,9798989185757,,49.99,,https://www.booksgoat.com/the-essential-guide-to-passing-the-structural-civil-9798989185757,Paperback
